TITLE,seg
$BLUR 兩週下跌逾 43.9%！分析師：第二季空投或有更大拋壓,"['BLUR', '兩週', '43.9%', '拋壓', '第二季', '下跌']"
1200 架，美軍首度公布 NGAD 採購數量,"['1200', 'NGAD', '採購', '首度']"
14萬枚比特幣清償》Mt.Gox 債權人如何索賠、2種方案選擇差異？,"['14萬', '比特幣', '清償', 'Mt.Gox', '債權人']"
14萬枚比特幣賣壓》Mt.Gox最大債權人將「先倒貨三成」，剩七成續抱觀望,"['14萬', '比特幣', '賣壓', 'Mt.Gox', '債權人', '倒貨', '觀望', '七成', '三成']"
14萬比特幣拋壓再延》Mt.Gox(門頭溝)債權人還款截止日延至 1031,"['再延', '14萬', '比特幣', '拋壓', 'Mt.Gox', '門頭溝', '債權人', '還款', '截止日', '延至']"
2 月 CPI 漲幅回落至 2.43%！外資認為「央行全年不會升息」,"['CPI', '漲幅', '2.43%', '外資', '認為', '不會', '升息', '全年', '回落', '央行']"
2022 年台灣化合物半導體產業產值年減，但有大幅成長空間,"['半導', '體產業', '產值', '成長', '空間', '化合物', '大幅']"
2022 年每股盈餘 1.55 元！中信金：具有配發 1.1 元股利實力,"['盈餘', '1.55', '中信金', '1.1', '具有']"
2022 年第四季前十大晶圓代工產值季減 4.7%，今年第一季持續下滑,"['晶圓', '產值', '季減', '4.7%', '持續', '第一季', '第四季', '代工', '十大', '下滑']"
2022~2026 年 AI 伺服器出貨量年複合成長率可達 10.8%,"['伺服器', '2026', 'AI', '出貨量', '可達', '10.8%', '合成']"
2030 年新加坡港將禁止購入燃油工作船，邁向零碳排,"['2030', '港將', '購入', '燃油工作船', '邁向', '零碳排', '新加坡', '禁止']"
38國際婦女節官宣》Bitget 成為尤文圖斯女子足球俱樂部官方贊助商,"['38國際婦女節', '官宣', 'Bitget', '成為', '尤文圖斯', '足球俱樂部', '官方贊助商', '女子']"
85% 箭體由 3D 列印製成，Terran 1 甲烷燃料火箭取消挑戰進入軌道,"['列印', '85%', '箭體', '3D', 'Terran', '挑戰', '進入', '軌道', '甲烷', '火箭', '燃料', '取消']"
AI 偽造你聲音，連你爸媽都能騙！為何語音合成詐騙盛行？,"['AI', '偽造', '聲音', '連你', '爸媽', '為何', '語音合成', '詐騙', '盛行']"
AI 區塊鏈 CryptoGPT 將發行加密貨幣，打造全球數據市場,"['AI', '區塊鏈', 'CryptoGPT', '將發行', '加密貨幣', '數據市場']"
Alameda提告GrayScale！企圖消除灰度GBTC折價、回收5.5億鎂2倍資產,"['灰度', 'Alameda', '提告', 'GrayScale', '企圖', 'GBTC', '折價', '5.5億', '2倍', '資產', '回收', '消除']"
Amazon進軍Web3！亞馬遜NFT市場傳424上線、參與Gamefi可拿空投,"['Amazon', 'Web3', '亞馬遜', 'NFT', '424', '上線', '參與', 'Gamefi']"
Arthur Hayes 初代加密王》一個跑腿買飯的交易員創辦BitMEX，再犯罪被捕的傳奇,"['Arthur', 'Hayes', '初代', '一個', '買飯', '創辦', 'BitMEX', '傳奇', '跑腿', '加密', '被捕', '犯罪', '交易']"
BitMEX創辦人：我提議打造比特幣穩定幣「中本聰美元 NUSD」,"['BitMEX', '創辦', '提議', '比特幣', '穩定幣', '中本聰', 'NUSD']"
BTCdayu的市場對話》你投資是看投機情緒、還是長期支撐？,"['BTCdayu', '投機情緒', '還是', '長期支撐']"
Bybit交易所：VIP和機構用戶升級統一交易帳戶，享有期權交易零費率,"['Bybit', 'VIP', '機構', '升級', '統一', '交易帳戶', '期權交易', '零費率', '享有']"
ChatGPT 大幅減少寫作業時間，中國學童翻牆也要用,"['ChatGPT', '減少', '作業', '時間', '中國學童', '翻牆', '大幅']"
ChatGPT 通過 Google 三級工程師面試，年薪破 500 萬台幣！,"['ChatGPT', '通過', 'Google', '三級', '師面試', '500', '萬台幣', '年薪', '工程']"
CZ起疑 _ 就像有股力量「合力要弄倒」加密貨幣友好的銀行們！,"['弄倒', 'CZ', '加密貨幣', '銀行們', '起疑', '合力', '友好', '力量']"
CZ酸聯準會：救助會使銀行「失去風險管理能力」！沒人大到不能倒,"['CZ', '酸聯', '準會', '人大', '救助', '失去', '能力', '管理', '不能']"
CZ：BUSD沒賺錢、對Silvergate無曝險，無參與BNB Chain保持去中心化,"['CZ', 'BUSD', 'Silvergate', '無曝險', '無參與', 'BNB', 'Chain', '去中心化', '保持']"
Ewellix 機器人第七軸，實現高效節能自動化生產,"['Ewellix', '機器人', '第七軸', '實現', '節能', '自動化', '生產', '高效']"
Fed副主席：銀行持有加密資產有風險、穩定幣是不受監管的私人貨幣,"['Fed', '資產', '有風險', '穩定幣', '貨幣', '加密', '不受', '私人', '持有']"
FTX 合作銀行 Silvergate 關門大吉，退還所有存款,"['FTX', 'Silvergate', '關門', '退還', '大吉', '合作', '所有']"
FTX再自肥「花400萬鎂」發獎金！破產團隊解釋：慰留重要員工，可保護投資者,"['FTX', '400', '萬鎂', '發獎', '破產團隊', '解釋', '員工', '可保護', '投資者', '自肥', '慰留']"
FTX受害者必讀》10年交易所維權經驗的Tom告訴你：該自己請律師？要等多久？Steaker疑點？,"['FTX', '必讀', '維權', '經驗', 'Tom', '告訴', '請律師', 'Steaker', '疑點', '受害者', '多久', '自己']"
Google 提新聞媒體數位共榮方案，數位部：樂見、盼其他大型平台跟進,"['數位', 'Google', '提新聞', '媒體', '共榮', '樂見', '平台', '大型', '其他']"
Google 開放 Magic Eraser 一鍵刪路人功能，Android、iPhone 都可用到,"['Google', '開放', 'Magic', 'Eraser', '一鍵', '刪路', 'Android', 'iPhone', '可用', '功能']"
HT大插針》社群發起「火必提幣運動」：誰不出金就傻逼！,"['HT', '插針', '發起', '火必提幣運動', '出金', '社群']"
IDC：VR 裝置去年出貨逆轉走衰，年減逾 20%,"['IDC', 'VR', '裝置', '出貨逆轉', '20%']"
iPhone 15 模型流出，換成 USB-C、穿不上 iPhone 14 保護殼,"['iPhone', '15', '換成', 'USB', '14', '保護殼', '流出', '模型']"
iPhone 銷售前景分析師轉保守看待，下修蘋果評級,"['iPhone', '銷售', '師轉', '下修', '評級', '保守', '看待', '前景']"
KAIST 研發 Micro LED 畫素製造新技術,"['KAIST', '研發', 'Micro', 'LED']"
Kopin 完成 Micro OLED 顯示器性能測試，將用於 F-35 戰機,"['Kopin', 'Micro', 'OLED', '顯示器', '測試', '將用', '35', '戰機', '性能', '完成']"
Layer2 重量級項目》Scroll 完成 5000 萬鎂融資，已上線 Alpha 測試網,"['Layer2', '項目', 'Scroll', '5000', '萬鎂融資', '上線', 'Alpha', '測試網', '重量', '完成']"
LSD板塊》$SSV 一夜跌13％！社群提案「改為治理代幣」引恐慌拋售,"['LSD板塊', 'SSV', '13', '改為', '代幣', '拋售', '社群', '提案', '恐慌', '一夜', '治理']"
LSD板塊》利息獲利哪裡來？看穿流動性質押衍生品的本質,"['LSD板塊', '獲利', '哪裡', '流動', '性質', '本質', '看穿', '衍生品', '利息']"
macOS、ChromeOS 人氣攀升，Windows 在美市占跌至歷史新低,"['macOS', 'ChromeOS', '人氣', 'Windows', '美市', '歷史', '新低', '攀升']"
Meta 布局 AI 投放廣告成效讚，分析師：股價再漲 29%,"['Meta', 'AI', '廣告', '股價', '29%', '成效', '投放', '布局']"
Meta 計劃進一步裁員，規模可能與去年 13% 相當,"['Meta', '計劃', '裁員', '規模', '13%', '相當', '一步']"
Meta 計畫進一步裁員，規模可能與去年 13% 相當,"['Meta', '裁員', '規模', '13%', '相當', '一步']"
MIT 研究顯示 ChatGPT 大幅提高生產力，教師恐受衝擊,"['MIT', '顯示', 'ChatGPT', '生產力', '教師', '恐受', '大幅提高', '研究']"
MWC 2023：Harman 與 ACM 宣布進行 5G、MEC 等互聯汽車應用測試,"['MWC', 'Harman', 'ACM', '進行', '5G', 'MEC', '互聯', '汽車', '應用', '測試']"
NCC 盼家用寬頻凍漲，中華電：今年光世代資費不調升,"['NCC', '寬頻', '凍漲', '中華電', '資費', '調升', '家用', '世代']"
Notion AI 比 ChatGPT 更威猛？完整使用體驗：強化支援中文、一鍵創作..,"['Notion', 'AI', 'ChatGPT', '體驗', '強化', '一鍵', '創作', '..', '威猛', '中文', '支援', '完整', '使用']"
OpenAI 團隊真心話：ChatGPT 很酷，但還很不成熟,"['很酷', 'OpenAI', '團隊', 'ChatGPT', '但還', '真心', '成熟']"
OpenAI 執行長：手機版 AI 醫生軟體可望不久後問世,"['OpenAI', '執行長', '手機版', 'AI', '醫生', '軟體', '問世', '可望', '不久']"
Pixel Fold 又野外現蹤？Google 摺疊手機可能不遠,"['Pixel', 'Fold', 'Google', '手機', '不遠', '野外']"
PS5 2 月日本銷量飆逾 4 倍破紀錄，首超 Switch,"['PS5', '銷量', '破紀錄', '首超', 'Switch']"
Ripple報告：2025年前，全球超過50%商家接受加密貨幣支付！,"['Ripple', '報告', '2025', '超過', '50%', '加密貨幣', '商家', '年前', '支付', '接受']"
SignatureBank遭關閉》Tether、Crypto.com喊無曝險，Coinbase、Paxos 各存約2.5億鎂,"['SignatureBank', '遭關閉', 'Tether', 'Crypto', 'com', '無曝險', 'Coinbase', 'Paxos', '各存', '2.5']"
Silvergate 倒閉投震撼彈，虛擬貨幣、Coinbase 股價跌,"['Silvergate', '虛擬', '貨幣', 'Coinbase', '股價', '震撼']"
Silvergate和矽谷銀行連爆！看懂原因和隱憂：擠兌、系統性風險、無限舉債..,"['Silvergate', '連爆', '隱憂', '系統性', '無限', '舉債', '..', '原因']"
Silvergate多重要？最大加密友善銀行「守護牛熊市金流」，倒閉恐卡死交易所出金,"['Silvergate', '守護', '閉恐', '出金', '卡死', '加密', '友善', '熊市']"
Silvergate最慘受災戶！EOS創辦人浮虧 7400 萬鎂、9.3%股份打水漂,"['Silvergate', '慘受', '災戶', 'EOS', '創辦', '浮虧', '7400', '萬鎂', '9.3%', '打水漂', '股份']"
SM 娛樂收購戰，南韓科技巨頭 Kakao 出價逾 9 億美元,"['SM', '娛樂收', '購戰', '南韓', '巨頭', 'Kakao', '出價', '科技']"
SVB 倒閉燒幣圈，USDC 發行商驚傳被卡 33 億美元,"['SVB', '燒幣', 'USDC', '驚傳', '33', '行商']"
SVB 存款傳近九成「未受保護」，日大企業恐受影響,"['SVB', '保護', '日大', '企業', '恐受', '影響', '近九成', '未受']"
SVB 崩潰衝擊擴大，科技新創恐現欠薪、裁員,"['SVB', '崩潰', '擴大', '恐現', '裁員', '欠薪', '科技']"
SVB 引爆金融風暴！彭博：數位時代迎接更快速銀行擠兌潮,"['SVB', '風暴', '數位', '時代', '兌潮', '彭博', '引爆', '迎接', '快速', '金融']"
SVB 暴雷引發賠售債券疑慮，美四大銀行市值驟降,"['SVB', '引發', '賠售', '債券', '疑慮', '驟降', '四大', '市值']"
SVB 暴雷引發銀行股齊殺，高盛：危機入市良機,"['SVB', '引發', '股齊', '良機', '高盛', '入市']"
SVB 的 48 小時救援時間：金融巨擘與創投公司 YC 警告數千家新創正面臨倒閉風險,"['SVB', '48', '小時', '時間', '創投', 'YC', '臨倒', '閉風險', '巨擘', '千家', '救援', '金融', '公司']"
SVB暴雷賭場》幣安上架30倍 USDC 永續合約；Bybit 佔全網持倉量七成,"['SVB', '賭場', '30', 'USDC', '永續', '合約', 'Bybit', '佔全', '網持', '倉量', '安上', '七成']"
Uber 狂送點數養不出鐵粉，為何要客人付錢訂閱反讓會員翻倍、救了獲利？,"['Uber', '狂送點', '數養', '鐵粉', '何要', '付錢訂', '閱反', '會員', '獲利', '翻倍', '不出', '客人']"
USDC失足跌破1美元，哪些DEX成了趁亂收錢的大贏家？,"['USDC', 'DEX', '趁亂', '收錢', '贏家', '失足', '跌破', '哪些']"
USDC最低跌到0.77鎂？對沖基金：Circle有77%美國債儲備！會恢復1_1掛鉤的,"['USDC', '0.77', 'Circle', '77%', '美國債', '儲備', '掛鉤', '跌到', '最低', '基金']"
USDC會沒事？FDIC機制分析：Circle最大損失是33億鎂的6%，易被美債利息覆蓋,"['USDC', '沒事', 'FDIC', '機制', 'Circle', '損失', '33', '6%', '美債', '覆蓋', '利息']"
USDC跌至0.88 》Coinbase週末停換；dydx放棄「1_1 計價」！Compound v2停存USDC,"['USDC', '跌至', '0.88', 'Coinbase', '週末', '停換', 'dydx', '放棄', '計價', 'Compound', 'v2', '停存']"
USDC速漲回0.97鎂！Circle _ 矽谷銀行存款恐100%拿不回；考慮引進外部資本,"['USDC', '速漲', '0.97', 'Circle', '100%', '考慮', '引進', '外部']"
USDC骨牌危機》CZ評論：他們FUD我們，然後銀行倒了；幣安將「大量上架穩定幣」,"['USDC', 'CZ', '評論', '他們', 'FUD', '我們', '然後銀行', '幣安將', '穩定幣', '骨牌', '上架', '大量']"
USDT USDC 將死？CZ 預言：10年後市場或由「非法幣支持」的穩定幣主導,"['USDT', 'USDC', '將死', 'CZ', '預言', '年後市場', '穩定幣', '主導', '非法', '支持']"
V神又屠殺狗幣！拋售500兆枚$SHIK，致暴跌80%,"['屠殺', '狗幣', '拋售', '500', 'SHIK', '80%', '暴跌']"
V神簽名NFT最高飆52ETH！麻吉大哥「儲值信仰」狂掃832張,"['簽名', 'NFT', '52', 'ETH', '儲值', '狂掃', '832', '信仰', '大哥', '最高']"
WWDC 推不推 ARVR 眼鏡？傳蘋果內部出現分歧,"['WWDC', '推不推', 'AR', 'VR', '眼鏡', '傳蘋果', '內部', '出現', '分歧']"
一年內四艘，日本第四艘最上級護衛艦三隈號正式服役,"['第四艘', '最上級', '護衛艦', '四艘', '服役', '一年', '正式']"
一年產生 1488 份報告、省 1 萬小時，獲 a16z 投資的簡報生成工具 Matik 有何魔力？,"['產生', '1488', '報告', '萬小時', 'a16z', '簡報', 'Matik', '有何', '魔力', '生成', '工具', '一年']"
一週掛掉三間銀行，加密貨幣友善銀行 Signature 被接管,"['一週掛', '三間', '加密貨幣', 'Signature', '友善', '接管']"
三千架軍用商規大單，無人機廠商 7 月底即將交機測試,"['架軍用', '商規大單', '無人機', '廠商', '即將', '交機', '測試', '三千', '月底']"
三星 4 奈米良率 60% 落後台積電，預計今年量產第三代 4 奈米搶市場,"['奈米', '良率', '60%', '落後台', '積電', '預計', '量產', '第三代']"
三星延攬台積電前研發主管，專家：先進封裝難超車,"['延攬', '台積', '電前', '研發', '專家', '先進', '封裝難', '超車', '主管']"
三星美國註冊新商標，將開發智慧眼鏡和智慧戒指,"['智慧', '將開發', '眼鏡', '戒指']"
三星鏡頭 Space Zoom 造假？Reddit 鄉民爆料：月球照片不全是真實,"['鏡頭', 'Space', 'Zoom', 'Reddit', '真實', '民爆', '不全是', '造假', '月球', '照片']"
不只馬斯克 SpaceX！今年全球十大最夯 IPO,"['只馬斯克', 'SpaceX', '最夯', 'IPO', '十大']"
不寫程式，也能拿千萬年薪！AI 大浪催生新職業「AI 溝通師」,"['AI', '不寫', '拿千萬', '職業', '溝通師', '大浪', '年薪', '程式', '催生']"
不怕中俄網軍，波音開發新型反干擾衛星系統,"['中俄網', '開發', '反干', '擾衛', '波音', '星系', '新型', '不怕']"
世界先進 2 月營收較 1 月減少 22.4%，創 3 年來單月新低,"['先進', '減少', '22.4%', '年來', '單月', '新低', '世界']"
中國 iPhone 需求強彈，分析師看好蘋果股價再漲 24%,"['iPhone', '強彈', '股價', '24%', '看好']"
中國多地爆發流感疫情，民眾再爆搶藥潮,"['爆發', '民眾', '藥潮', '疫情', '流感']"
中國晶圓廠增速放緩，產能進行結構性調整,"['中國晶', '圓廠', '放緩', '產能', '進行', '結構', '調整', '增速']"
中國熱搜「趙長鵬被 FBI 槍斃」在微信瘋傳！CZ 怒比「4」回應謠言攻擊,"['中國熱', 'FBI', '槍斃', '微信', '瘋傳', 'CZ', '回應', '謠言', '攻擊']"
中磊 2022 年每股賺 7.57 元！配發現金股利 4.5 元創新高,"['中磊', '7.57', '4.5', '元創', '新高']"
中芯國際新廠量產時間延後 1~2 季，美國制裁可能是根本原因,"['中芯國際', '廠量', '產時間', '制裁', '根本原因']"
串聯鋰電池供應鏈，台灣鋰電池資源產業協會成立,"['串聯鋰', '電池供', '應鏈', '電池', '資源', '協會', '成立']"
主力記憶體急凍三星改衝刺晶圓代工，鎖定車用 SoC,"['記憶體', '急凍', '改衝', '刺晶圓', '鎖定', '車用', 'SoC', '代工', '主力']"
亞泥配息 2.3 元引股價走跌！砸百億增持 15.35 萬張遠傳,"['亞泥', '配息', '2.3', '元引', '股價', '百億', '增持', '15.35', '萬張', '遠傳', '走跌']"
亞馬遜 NFT 市場擬自建私有鏈！虛實整合商品、支援信用卡支付,"['亞馬遜', 'NFT', '擬自建', '虛實', '私有', '信用卡', '支援', '整合', '支付', '商品']"
亞馬遜NFT市場擬自建私有鏈！虛實整合Amazon商品、支持信用卡支付,"['亞馬遜', 'NFT', '擬自建', '虛實', 'Amazon', '私有', '信用卡', '整合', '支付', '商品', '支持']"
亞馬遜全球開店「智造在台灣 品牌耀全球 3.0」計畫，帶領近 120 企業賣家 展現台灣跨境電商實力,"['亞馬遜', '開店', '智造', '3.0', '領近', '企業', '賣家', '展現', '電商', '跨境', '品牌']"
交易所活動｜Bybit 統一交易帳戶狂歡節，總獎池金額達 700000 USDC,"['活動', 'Bybit', '統一', '交易帳戶', '狂歡節', '總獎', '池金額', '700000', 'USDC']"
交易所濫訴潮！美國維權律師擬告 Coinbase、Kraken 追討客戶「漲跌虧損」,"['濫訴', '美國維', '權律', '師擬告', 'Coinbase', 'Kraken', '追討', '客戶', '漲跌', '虧損']"
交易所｜JPEX 推出台灣用戶專屬迎新活動，最高可獲贈 60 fUSDT,"['JPEX', '專屬', '活動', '獲贈', '60', 'fUSDT', '迎新', '推出', '最高']"
任天堂、寶可夢遊戲公司徵 Web3.0 人才！要懂 NFT GameFi 元宇宙,"['任天堂', '寶可夢遊戲', 'Web3', 'NFT', 'GameFi', '宇宙', '人才', '公司']"
低軌衛星大量出現，哈伯望遠鏡也開始成為受災戶,"['大量出', '軌衛星', '望遠鏡', '開始', '成為', '受災戶', '哈伯']"
佳世達增持明基醫擴大醫療艦隊！五年計畫目標高附加價值獲利過半,"['佳世達', '增持', '明基醫', '擴大', '醫療', '艦隊', '目標', '價值', '獲利過', '附加', '五年']"
俄烏戰爭推升需求，法國軍武廠達利斯大舉雇用 1.2 萬人,"['烏戰爭', '法國', '武廠', '達利斯大舉', '1.2', '推升', '雇用']"
假消息瘋傳！Dune Analytics澄清：沒有發行、空投代幣計畫,"['假消息', '瘋傳', 'Dune', 'Analytics', '沒有', '發行', '代幣', '澄清']"
健康的電池公司需要哪些人才？,"['電池', '哪些', '人才', '健康', '需要', '公司']"
傳京東方將為蘋果供應 LTPO OLED 螢幕,"['傳京', '東方將', '供應', 'LTPO', 'OLED', '螢幕']"
傳寧波子公司關線大裁員，群創嚴正澄清：無廠區人員更動調整計畫,"['傳寧波', '關線', '大裁員', '群創', '嚴正', '無廠', '區人員', '更動', '調整', '澄清', '子公司']"
傳蘋果 2024 年推搭 7 吋面板 HomePod，郭明錤點名中國天馬受益,"['傳蘋果', '2024', 'HomePod', '面板', '受益']"
傳選定德國德勒斯登設廠，台積電：尚在評估,"['傳選定', '德國', '德勒斯', '登設', '尚在']"
元太今早一度跌停！ESL 庫存消化仍是隱憂，外資目標價下調至 185 元,"['元太今', 'ESL', '庫存', '隱憂', '外資', '目標', '價下', '調至', '185', '消化', '一度']"
元太：今年成長不比去年，計劃動工觀音新廠,"['成長', '計劃動', '工觀', '音新廠']"
光學搶攻新品，力拚 Q2 後逐步回溫,"['光學', '搶攻', 'Q2', '回溫', '新品', '逐步']"
光阻劑、矽晶圓銷售皆成長，崇越 2 月份淡季不淡營收年增 6.2%,"['阻劑', '矽晶圓', '銷售', '成長', '崇越', '不淡營', '收年', '6.2%', '淡季', '月份']"
全台 320 起輕症免隔離！改為 0+n 自主健康管理,"['320', '起輕', '症免', '隔離', '改為', '自主', '健康', '管理']"
冀盼減產＋庫存去化，模組廠看下半年市況復甦,"['冀盼', '減產', '庫存', '去化', '模組廠', '市況', '下半年']"
出國旅遊想買 eSIM 漫遊服務，買了又該如何設定？,"['出國', '旅遊', 'eSIM', '服務', '設定']"
分手多年又復合，Facebook 宣布 Messenger 回歸主程式,"['Facebook', 'Messenger', '回歸主', '程式', '分手', '多年']"
分散地緣政治風險！ASML 數十家供應商走訪東南亞評估設廠,"['地緣', 'ASML', '供應商', '走訪', '東南亞', '設廠', '十家', '分散', '政治']"
分析師：螢幕下 Face ID iPhone 至少再等 2 年,"['螢幕', 'Face', 'ID', 'iPhone', '至少']"
別付！資安廠：每支付一筆贖金等於資助勒索病毒集團未來 9 次攻擊,"['別付', '資安廠', '一筆', '贖金', '資助', '集團', '未來', '攻擊', '勒索', '病毒', '支付']"
削減成本奏效，馬斯克：Twitter 現金流下季可望轉正,"['削減', 'Twitter', '轉正', '斯克', '奏效', '流下', '可望', '成本']"
加密貨幣女力》JPEX 共慶婦女節活動，總空投 38000 JPC,"['加密貨幣', '女力', 'JPEX', '共慶婦', '女節', '活動', '38000', 'JPC']"
加密銀行 Silvergate 被打入深淵，香港與美國加密監管將殊途同歸？,"['加密', '殊途', 'Silvergate', '深淵', '監管將', '同歸', '打入', '香港']"
半導體設備禁令箝制中國 28 奈米以下製程發展，解析全球市場影響性,"['箝制', '半導體', '設備', '28', '奈米', '影響性', '禁令', '解析', '以下']"
南韓央行緊盯 SVB 風險，如必要將採取措施救市,"['南韓', 'SVB', '將採取', '必要', '央行', '措施']"
印度廟宇改用機器大象祭祀，大象也「失業」,"['大象', '廟宇', '機器', '失業', '改用', '祭祀', '印度']"
印度政府將發表全球最大公開資料庫,"['將發表', '公開', '資料', '印度政府']"
去年台灣 PC 出貨年減 4%，IDC：今年續減近 15%,"['PC', '出貨', '4%', 'IDC', '減近', '15%']"
台灣 IBM：儲備四項企業動能是成功雨天超車的關鍵,"['IBM', '儲備', '四項', '企業動', '超車', '關鍵', '雨天', '成功']"
台積為生成式 AI 主要受惠者，美系外資上修目標價,"['生成式', '受惠者', '台積', 'AI', '美系外', '資上', '修目', '標價', '主要']"
台積電 2 月營收較 1 月衰退 18.4%，為近一年新低,"['18.4%', '新低', '衰退', '一年']"
台積電前研發高層跳槽至三星先進封裝業務,"['台積', '電前', '研發', '高層', '先進', '封裝業務', '跳槽']"
台美 21 世紀貿易倡議讓誰受益？看齊美國有望提升台人「薪情」,"['台美', '21', '世紀', '貿易', '倡議', '看齊', '台人', '薪情', '受益', '有望', '提升']"
台股史上首見外資發起股東行動！要求可成股利改由股東大會決議,"['股史', '外資', '發起', '行動', '可成', '股東大會', '決議', '上首', '改由', '要求']"
台電通霄發電廠採用 GE 航改燃氣渦輪機，供應最高達 18 萬瓩電力,"['台電', '通霄', '發電廠', '採用', 'GE', '航改', '燃氣', '渦輪機', '供應', '18', '電力', '最高']"
國際清算銀行：DeFi、TradFi 流行無法擋！政府可發 CBDC、支付區..解決加密貨幣風險,"['國際', 'DeFi', 'TradFi', '無法', '可發', 'CBDC', '..', '解決', '加密貨幣', '清算', '流行', '支付']"
地球南北半球反射率為何如此相似？或和更多風暴有關,"['為何', '風暴', '有關', '反射率', '北半球', '相似', '地球', '如此']"
外資列台積電 7 大重點讓投資人重新青睞，給目標價來到 700 元,"['外資列', '大重點', '投資人', '青睞', '給目', '標價來', '700', '重新']"
大氣有毒，研究：全球只有 0.001% 人口呼吸乾淨空氣,"['大氣', '0.001%', '乾淨', '空氣', '有毒', '呼吸', '人口', '只有', '研究']"
太空經濟新處女地！新創 Lonestar 籌到 500 萬美元全面打造月球資料中心,"['經濟', '新處', '女地', 'Lonestar', '籌到', '500', '資料', '太空', '月球', '全面', '中心']"
太陽系內的水分子來源，可能在星系形成前就存在,"['太陽系', '來源', '水分子', '星系', '存在', '形成']"
太陽能上游材料價格 3 月進入反轉態勢，下游模組廠對後市樂觀看待,"['太陽能', '價格', '進入', '反轉', '態勢', '模組廠', '對後市', '樂觀', '看待', '上游', '下游', '材料']"
奇異股價強，投資人緊盯再生能源、供應鏈難題,"['奇異', '股價強', '投資人緊', '供應鏈', '難題', '再生能源']"
如何趁“USDC危機”套利？這16位「超級大戶、基金」的手法如下,"['USDC', '16', '超級', '大戶', '套利', '手法', '如下', '基金']"
威剛 2 月營收月增 14.5%，2023 年預計營收逐月走穩,"['威剛', '14.5%', '預計', '走穩']"
威盛耕耘車載系統宣布重返北美卡車週，激勵股價攻上漲停,"['威盛', '車載', '系統', '卡車', '激勵', '股價攻', '耕耘', '重返', '北美']"
宏佳騰「電轉油」，推出三輪商用車燃油版 Gather 125,"['宏佳騰', '電轉油', '三輪', 'Gather', '125', '商用', '燃油', '推出']"
宏達電強攻元宇宙去年續虧損，外資中立看待,"['宏達', '電強', '攻元', '續虧損', '外資', '中立', '看待', '宇宙']"
家登 2022 年 EPS 為 11.12 元，完成賺一個股本目標,"['家登', 'EPS', '11.12', '一個', '目標', '股本', '完成']"
富爸爸警告 _「第3家美國銀行」將破產倒閉！KOL爆：是第一共和銀行,"['家美國', '將破產', 'KOL', '共和', '爸爸', '第一']"
實在沒動力運動？研究：可能是腸道細菌作祟,"['實在', '沒動力', '運動', '腸道', '細菌', '作祟', '研究']"
小米 13 系列登台，1 吋感光元件 Xiaomi 13 Pro 售價 34888 元,"['13', 'Xiaomi', 'Pro', '售價', '34888', '感光', '小米', '登台', '元件', '系列']"
差點成親密戰友！幣安曾聘SEC主席Gensler擔任顧問「但遭拒絕」,"['差點', '成親', '密戰友', '幣安', '曾聘', 'SEC', 'Gensler', '擔任', '顧問', '拒絕']"
幣安更新PoR儲備》客戶淨資產630億鎂，新加 DOGE MASK CRV…11 種代幣證明,"['幣安', 'PoR', '儲備', '客戶', '資產', '630', '新加', 'DOGE', 'MASK', 'CRV', '種代幣', '證明', '更新']"
幣安生態》BEP-95升級「銷毀5829萬鎂 BNB」；BUSD已蒸發 150 億美元市值,"['BEP', '95', '升級', '銷毀', '5829', '萬鎂', 'BNB', 'BUSD', '蒸發', '150', '安生', '市值']"
幣安進軍韓國》收購 Gopax 進最後階段，已向金融當局提交申報,"['幣安進', '韓國', '收購', 'Gopax', '最後階段', '當局', '申報', '提交', '金融']"
幣寶台灣敗訴！纏訟三年遭日本法院駁回：10億日圓索賠無根據,"['幣寶台灣', '敗訴', '纏訟', '駁回', '億日圓', '無根據', '法院', '三年']"
平價入門車款越來越少？外媒點名背後原因,"['平價入', '門車款', '越來', '外媒點', '越少', '原因']"
年薪 7.5 萬美元是幸福上限？原作者最新研究推翻,"['原作者', '7.5', '年薪', '上限', '推翻', '幸福', '最新', '研究']"
年薪平均超過百萬元！台塑新智能招募四大領域「新能源人才」,"['台塑', '超過', '百萬元', '領域', '年薪', '招募', '智能', '四大', '人才', '新能源', '平均']"
強化中國市場布局！漳州奇美 35 萬噸 PS 新產線正式量產,"['強化', '35', '萬噸', 'PS', '新產線', '量產', '奇美', '漳州', '布局', '正式']"
微策略賣比特幣節稅沒用！Michael Saylor涉嫌逃稅1億鎂,"['比特幣', '節稅', '沒用', 'Michael', 'Saylor', '逃稅', '涉嫌', '策略']"
微軟 Azure OpenAI Service 加入 ChatGPT 俱樂部，313 開始計費,"['微軟', 'Azure', 'OpenAI', 'Service', 'ChatGPT', '俱樂部', '313', '開始', '計費', '加入']"
微軟推 Edge 新功能，AMD、輝達夯，半導體股同歡,"['微軟', 'Edge', 'AMD', '輝達', '半導體', '股同歡', '功能']"
微軟終於肯在 Word 加入純文字貼上快捷鍵,"['微軟終', 'Word', '快捷', '文字', '加入']"
快訊》BNB大漲 7%！CZ：10億復甦基金該買BTC、BNB、ETH！,"['BNB', '快訊', '大漲', '7%', 'CZ', 'BTC', 'ETH', '基金']"
快訊》USDC穩了！Circle：Cross River Bank 成為自動結算合作銀行,"['快訊', 'USDC', 'Circle', 'Cross', 'River', 'Bank', '成為', '自動', '結算', '合作']"
快訊》破產法官批准幣安美國收購Voyager！VGX 跳漲 28%,"['快訊', '破產', '幣安美國', '收購', 'Voyager', 'VGX', '跳漲', '28%', '法官', '批准']"
快訊》鮑威爾警告：美聯儲準備「提高升息」以對抗強勁通膨數據,"['快訊', '鮑威爾', '美聯儲', '準備', '抗強', '通膨數', '升息', '提高']"
恆星可以吃掉行星又把它們吐出來,"['恆星', '它們', '出來', '吃掉', '行星', '可以']"
才怨中國資金匯出難，墨比爾斯：重金押台股,"['資金匯', '出難', '墨比爾斯', '押台', '重金']"
投資大師墨比爾斯跟著美中政策走，宣布重壓晶片股,"['投資大師', '墨比爾斯', '著美中', '重壓', '晶片', '政策']"
抗通膨優先，南韓央行維持緊縮性貨幣政策,"['抗通', '優先', '南韓', '維持', '緊縮性', '貨幣', '央行', '政策']"
拆解研究二手設備，中國半導體設備技術落後政府補貼難改變,"['設備', '半導體', '技術', '補貼', '改變', '拆解', '二手', '研究']"
拜登關切 Silvergate 破產危機！美國白宮呼籲國會出手干預,"['拜登', '關切', 'Silvergate', '破產', '白宮', '呼籲國會', '干預', '出手']"
拯救矽谷銀行、新創圈》全球125家VC基金發聯合聲明！投行部門嘗試回購,"['創圈', '125', 'VC', '發聯合', '聲明', '投行', '部門', '嘗試', '回購', '拯救', '基金']"
掌握金融高效能運算！一元素、AMD、Dell Technologies 研討解方,"['運算', 'AMD', 'Dell', 'Technologies', '研討', '解方', '高效能', '元素', '掌握', '金融']"
提供厭倦 Twitter 的替代品？Meta 考慮開發新社群平台,"['厭倦', 'Twitter', 'Meta', '考慮', '開發', '社群', '替代品', '平台', '提供']"
搶攻美國燃氣電廠商機！進典工業前進美國電力展秀高溫高壓閥門,"['搶攻', '燃氣', '電廠', '商機', '進典', '工業', '進美國', '電力', '展秀', '高溫', '高壓', '閥門']"
攻元宇宙、高階感測商機，工研院攜 Ganvix 深化藍綠光 VCSEL 技術,"['攻元', '高階感測', '商機', '工研院', 'Ganvix', '藍綠光', 'VCSEL', '技術', '深化', '宇宙']"
政府舉報投資詐騙廣告，Meta 承諾最快 8 小時下架,"['舉報', '詐騙', '廣告', 'Meta', '承諾', '小時', '下架']"
新一波半導體設備出口中國限制最快 4 月公布，限制設備翻倍,"['設備', '半導體', '新一波', '翻倍']"
新創圈慌了，矽谷銀行恐爆擠兌、創投教父籲撤資,"['創圈', '恐爆', '創投', '撤資', '教父']"
新型溫室用有機太陽能板，竟有助植物生長,"['溫室', '機太陽', '能板', '生長', '有助', '新型', '植物']"
新火科技杜均：積極申請香港牌照！監管合規、DeFi 是產業突破點,"['新火', '杜均', '積極', '申請', '合規', 'DeFi', '牌照', '科技', '香港', '突破']"
新能源車助攻營運再創高！緯軟啟動「WITS 3.0」五年計畫走出去,"['營運', '創高', '緯軟', '啟動', 'WITS', '3.0', '助攻', '五年', '新能源', '出去']"
新蓋智慧工廠反而限制 Nissan 電動休旅車 Ariya 產能，年產 15 萬難達標,"['新蓋', '工廠', 'Nissan', '電動休', '旅車', 'Ariya', '產能', '年產', '15', '萬難', '達標', '智慧', '反而']"
日本消費刷這張卡賺 18%！海外旅遊神卡無腦刷回饋最高衝 4% 以上,"['消費刷', '這張', '18%', '旅遊', '神卡無腦', '回饋', '4%', '海外', '最高', '以上']"
日本解除半導體原料出口管制，韓媒：如雙面刃,"['半導體', '韓媒', '如雙面', '管制', '解除', '原料']"
旺季不旺，2022 年第四季智慧手機產量僅 3.01 億支，年減 15.5%,"['不旺', '手機', '產量僅', '3.01', '億支', '15.5%', '第四季', '旺季', '智慧']"
星宇航空 2 月營收月減 10%，年增 20 倍仍創歷史次高,"['星宇', '月營', '收月減', '10%', '年增', '20', '創歷', '史次', '航空']"
是時候該出國旅遊了，你有哪些網路漫遊選擇？,"['時候', '出國', '旅遊', '網路', '哪些']"
暴漲！比特幣急拉10%突破2.2萬、ETH破1600，全網軋空2億鎂,"['暴漲', '比特幣', '10%', '2.2', 'ETH', '1600', '全網', '軋空', '急拉', '突破']"
曾發行《俠盜獵車手》等暢銷遊戲，Take-Two 宣布裁員,"['發行', '俠盜', '獵車', '暢銷', '遊戲', 'Take', 'Two', '裁員']"
最快下個月實施！美國將進一步收緊半導體設備出口中國限制,"['下個', '實施', '將進', '收緊', '半導體', '設備', '一步']"
最新 Visa 調研：99% 台灣消費者持續或更常使用「行動錢包」,"['Visa', '調研', '99%', '消費者', '持續', '更常', '行動', '最新', '使用']"
有事找神嗎？AI 佛祖降臨你身邊,"['找神', 'AI', '降臨', '身邊', '佛祖', '有事']"
未採分潤做法，Google 斥資 3 億在台推動新聞數位共榮基金,"['採分潤', 'Google', '斥資', '億在', '推動', '新聞數', '位共榮', '做法', '基金']"
未跟進荷蘭，日本稱還沒決定晶片出口管制計畫,"['進荷蘭', '稱還', '決定', '晶片', '管制']"
本週行情預警》Fed主席37赴國會作證、美國公布非農就業數據..,"['本週', '預警', 'Fed', '37', '國會', '作證', '非農就業', '數據', '..', '行情']"
杏一 2022 年每股賺 4.83 元！配發股票 1 元、現金股利 2.85 元,"['杏一', '4.83', '2.85', '股票']"
東捷通過配發現金股利 1.6 元！製造、雲端、金融 AI 應用可期,"['捷通', '1.6', '雲端', 'AI', '應用', '可期', '金融']"
東生華降血脂新藥納健保動能強勁！骨質疏鬆症相似藥今年可望獲藥證,"['東生華', '新藥', '納健', '保動能', '強勁', '骨質', '獲藥證', '降血脂', '可望', '相似']"
核潛艦有解，澳洲將於下週一 AUKUS 高峰會宣佈採購維吉尼亞級,"['核潛艦', '將於下', '週一', 'AUKUS', '採購', '維吉尼亞級', '有解', '澳洲', '高峰']"
標普本益比 18 倍、遠比歐港股昂貴，美股連 9 週失血,"['標普', '本益比', '18', '遠比歐', '昂貴', '美股連', '失血', '港股']"
歐洲設廠計畫傳放緩，台積電：尚在評估,"['歐洲', '設廠', '傳放緩', '尚在']"
歐洲豹要變歐洲艾布蘭，羅馬尼亞將成第二個採購 M1 的歐洲國家,"['歐洲', '艾布蘭', '尼亞', '將成', '採購', 'M1', '國家', '第二']"
比特幣升級》在BTC主網上建立 Rollup，可行嗎？,"['比特幣', '升級', 'BTC', '主網', 'Rollup', '可行', '建立']"
比特幣減半倒數400天！起漲點到了嗎？,"['半倒', '比特幣', '400', '起漲']"
比特幣跌破21600；聯準會報告：通膨壓力存在、經濟前景不樂觀,"['比特幣', '21600', '聯準', '報告', '通膨壓力', '經濟', '不樂觀', '跌破', '前景', '存在']"
比特幣跌破2萬鎂！5億鎂BTC選擇權將到期；Voyager已拋售逾3.5億鎂加密貨幣,"['比特幣', '萬鎂', 'BTC', '權將', 'Voyager', '拋售', '3.5', '加密貨幣', '跌破', '到期']"
比特幣重挫8%險守兩萬、ETH跌逼1400！全網一夜爆倉2.7億鎂,"['比特幣', '8%', '險守', '兩萬', 'ETH', '1400', '全網', '爆倉', '2.7', '重挫', '一夜']"
汎銓 2022 年營收獲利皆創高，擬發 5.5 元現金股利殖利率 4.17%,"['獲利', '創高', '擬發', '5.5', '元現', '4.17%', '利率']"
消化鮑爾鷹派發言，那指彈；半導體最強勁,"['鮑爾鷹', '發言', '指彈', '半導體', '最強', '消化']"
滿 18 歲的快看過來！郵局帳戶＋iCash Pay 就能投資「國民 ETF」,"['18', '過來', '郵局', '帳戶', 'iCash', 'Pay', '國民', 'ETF']"
火必「大插針」HT一度劇跌93%至0.3鎂！孫宇晨：全額承擔爆倉損失,"['火必', '插針', 'HT', '劇跌', '93%', '0.3', '孫宇晨', '全額', '承擔', '爆倉', '損失', '一度']"
火星日落時分，好奇號首拍到穿透薄雲層的陽光,"['時分', '號首', '薄雲層', '陽光', '日落', '穿透', '火星', '好奇']"
現代汽車扶植新創，攻 AI、自駕送貨、數據分析,"['現代', '汽車', 'AI', '自駕', '送貨', '數據', '扶植']"
瑞信：AI 晶片之王 NVIDIA 護城河無敵，股價再漲 18%,"['瑞信', 'AI', 'NVIDIA', '護城河', '無敵', '股價', '18%', '晶片', '之王']"
生成式 AI 軟硬體協同發展，IC 設計廠搶商機,"['生成式', 'AI', '軟硬體', '協同', '發展', 'IC', '設計廠', '商機']"
生成式 AI 降低惡意程式打造門檻，資安廠：善加利用以 AI 打 AI,"['AI', '生成式', '善加利用', '惡意', '門檻', '資安廠', '程式', '降低']"
產業｜Matrixport 面向機構推出「美國政府公債代幣」？Ethan Yang 談加密市場困境,"['Matrixport', '機構', '公債代幣', 'Ethan', 'Yang', '加密', '困境', '面向', '推出']"
產險公會：320 起 COVID-19 輕症者防疫險不理賠,"['產險', '公會', '320', 'COVID', '19', '輕症', '防疫', '不理']"
甩開BUSD！幣安傳「悄悄聯手」穩定幣TrueUSD、LQTY，鏈上顯示鑄造量暴增,"['甩開', 'BUSD', '幣安傳', '聯手', '穩定幣', 'TrueUSD', 'LQTY', '鏈上', '顯示', '鑄造量', '暴增', '悄悄']"
男女薪資「同酬日」差距 58 天！全台 69.3% 女性自評經濟獨立,"['同酬', '薪資', '58', '69.3%', '自評', '經濟', '獨立', '差距', '男女', '女性']"
疫情後企業需要什麼樣的數位競爭力？Aruba：數位韌性必須升級,"['數位', '企業', '什麼樣', 'Aruba', '韌性', '必須', '升級', '疫情', '需要']"
病人自行「拔管」又被插回！《病主法》施行 4 年全國預立率僅 2?，問題出在哪？,"['拔管', '插回', '病主法', '全國', '預立', '率僅', '問題', '施行', '自行', '病人']"
監管待突破，生成式 AI 醫療仍非主流,"['生成式', 'AI', '醫療', '非主流', '管待', '突破']"
看好祥碩預期發展，外資挺優於大盤目標價 1175 元及 1200 元,"['祥碩', '預期', '發展', '外資', '大盤', '目標價', '元及', '1200', '看好']"
矛盾兼備，經濟部公布無人機防禦系統獲選廠商,"['兼備', '經濟部', '無人', '機防禦', '系統', '獲選廠', '矛盾']"
矽谷新創商愛用銀行 SVB 賠本拋債，股價崩慘六成,"['商愛用', 'SVB', '賠本', '拋債', '股價', '崩慘', '六成']"
矽谷銀行倒閉「延燒USDC」！Circle有現金儲備在SVB；存款擔保只救25萬鎂,"['延燒', 'USDC', 'Circle', '有現', '金儲備', 'SVB', '擔保', '25', '萬鎂']"
矽谷銀行倒閉，專家：衝擊小但恐影響 Fed 3 月升息幅度,"['專家', '恐影響', 'Fed', '升息', '幅度']"
矽谷銀行暴雷》USDC脫鉤2%至0.977；幣安將暫停BUSD自動轉換,"['USDC', '脫鉤', '2%', '0.977', '幣安將', '暫停', 'BUSD', '自動', '轉換']"
矽谷銀行關閉，朱澤民：不會重演雷曼兄弟事件,"['關閉', '朱澤民', '不會', '重演', '雷曼', '兄弟', '事件']"
研發團隊已逾 2300 人，雷軍確認小米電動車 2024 年初投產,"['研發', '團隊', '2300', '雷軍確', '電動車', '2024', '投產', '小米', '年初']"
研調：上季全球 TWS 耳機出貨量年減 23%，蘋果居冠,"['研調', 'TWS', '耳機', '出貨量', '23%', '居冠']"
研調：全球 AI 產業規模 2022~2026 年 CAGR 估 27%,"['研調', 'AI', '規模', '2026', 'CAGR', '27%']"
福特與中企合作電動車電池，美議員提案設限,"['電動車', '電池', '美議員', '設限', '中企', '提案', '福特', '合作']"
科學實驗、星際採礦、AI 上太空！法人盤點最新太空任務商機,"['太空', '科學', '實驗', '星際', '採礦', 'AI', '盤點', '任務', '商機', '法人', '最新']"
穩定 SVB 衝擊美短債殖利率走跌！投資人篤定聯準會不敢大幅升息,"['穩定', 'SVB', '美短', '債殖', '人篤定', '聯準', '走跌', '升息', '利率', '不敢', '大幅']"
第3家銀行暴雷》美國 FDIC「已入駐」第一共和銀行！資金電匯交易已停止,"['家銀行', 'FDIC', '已入', '資金電匯', '共和', '停止', '第一', '交易']"
等級與華為相同？中國浪潮遭美列黑名單，AMD 估斷供,"['等級', '華為', '遭美列', '黑名', 'AMD', '估斷', '浪潮', '相同']"
系統電去年營收、獲利雙創新高！成立「電統能源」專注儲能市場,"['系統電', '獲利', '雙創', '電統', '專注', '儲能', '新高', '能源', '成立']"
紐約監管起訴KuCoin：沒註冊牌照「非法銷售代幣」、ETH 屬於證券！,"['紐約', '起訴', 'KuCoin', '銷售代幣', 'ETH', '證券', '牌照', '非法']"
終端需求持續調整中！國巨 2 月營收 85.88 億元略微回升,"['終端', '持續', '調整', '國巨', '85.88', '億元', '略微', '回升']"
總算有確定日期，Bethesda 宣布《星空》96 發行,"['總算', '確定', 'Bethesda', '96', '發行', '星空', '日期']"
美債殖利率破5%打贏DeFi！MakerDAO提案加倉債券7.5億鎂,"['美債殖', '5%', '打贏', 'DeFi', 'MakerDAO', '加倉', '債券', '7.5', '提案', '利率']"
美參議員擬立法禁 TikTok 等外國技術產品，白宮表示支持,"['美參議員擬', 'TikTok', '外國', '技術', '產品', '白宮', '立法', '支持']"
美國 S&P500 成長指數大贏台股！復華 S&P500 成長 ETF 自 327 開募,"['P500', '成長', '指數', '大贏', '台股', 'ETF', '327', '開募']"
美國撲殺加密友善銀行》Signature Bank遭勒令關閉，FDIC：防止系統風險蔓延,"['Signature', 'Bank', '關閉', 'FDIC', '系統', '加密', '友善', '勒令', '蔓延', '防止']"
美國政府警告，Royal 勒索軟體正在攻擊重要基建,"['Royal', '軟體', '攻擊', '勒索', '基建', '正在']"
美國監管內戰！CFTC主席定調「ETH、穩定幣屬於商品」，正面打臉SEC,"['內戰', 'CFTC', '定調', 'ETH', '穩定幣', '打臉', 'SEC', '商品']"
美國矽谷銀行倒閉對台灣造成衝擊？經濟部長王美花回應,"['經濟', '部長', '王美花', '回應', '造成']"
美國矽谷銀行破產風暴！法人：美股重挫拖累新興亞股表現,"['破產風暴', '美股', '新興亞', '股表現', '重挫', '法人', '拖累']"
美國警告幣安BTC出金地址「在制裁名單中」！技術問題嚇傻百名用戶,"['幣安', 'BTC', '出金', '名單', '技術', '問題', '嚇傻', '百名', '制裁', '地址']"
美國財政部、聯準會、FDIC 聯合聲明：SVB、Signature Bank 存戶可取回所有存款,"['財政部', '聯準', 'FDIC', '聯合', '聲明', 'SVB', 'Signature', 'Bank', '存戶', '取回', '所有']"
美國需立法監管穩定幣！Fed主席警告：不想扼殺加密創新但須介入,"['穩定幣', 'Fed', '扼殺', '創新', '但須', '加密', '立法', '介入', '不想']"
美系外資看好三大優勢，近期唯一力挺南亞科買進投資評等,"['美系', '外資', '三大', '優勢', '力挺', '南亞科', '買進', '投資評', '看好', '唯一', '近期']"
美經濟韌性強，貝萊德估聯準會將升息至 6%,"['美經濟', '韌性強', '貝萊德', '估聯', '準會將', '6%', '升息']"
美股面臨風險？散戶不再逢低買，機構投資者悲觀,"['美股', '面臨', '散戶', '機構', '投資者', '悲觀', '不再']"
老傳產南俊如何從「撞牆 6 年找不到大客戶」，翻身全球五大伺服器滑軌廠,"['伺服器', '老傳產', '南俊', '撞牆', '大客戶', '軌廠', '翻身', '五大', '不到']"
聚焦38婦女節，Bitget 指出加密產業不可缺的「女性實力」,"['38', '婦女節', 'Bitget', '加密', '聚焦', '女性', '不可', '指出']"
聯發科 2 月營收重回 300 億元，月增逾 35%,"['聯發科', '300', '億元', '35%', '重回']"
脫鉤風暴》USDC已跌7%至0.93鎂，DAI剩0.94！Circle銷毀27億USDC,"['USDC', '脫鉤', '風暴', '已跌', '7%', '0.93', 'AI', '0.94', 'Circle', '銷毀', '27']"
荷蘭夏季前公布中國出口管制計畫，ASML 部分 DUV 設備受衝擊,"['荷蘭', 'ASML', 'DUV', '設備', '管制', '夏季', '部分']"
荷蘭宣布晶片設備管制，ASML 這幾代產品恐難出口中國,"['荷蘭', '設備', 'ASML', '這幾代產品', '恐難', '晶片', '管制']"
荷蘭新晶片出口限制影響 ASML 前景，分析師估最壞情況,"['荷蘭新', '影響', 'ASML', '師估', '最壞', '情況', '晶片', '前景']"
華邦電 2 月份營收月增 17.61%，全年期望下半年有機會復甦,"['華邦電', '17.61%', '機會', '期望', '下半年', '全年', '月份']"
蘋果前高層組新創籌資，結盟 OpenAI、微軟,"['高層', '組新', '創籌資', '結盟', 'OpenAI', '微軟']"
蘋果古典音樂服務 Apple Music Classical?終於來了，但台灣用戶無緣,"['音樂', '服務', 'Apple', 'Music', 'Classical', '終於來', '無緣', '古典']"
蘋果國際銷售團隊洗牌，加深關注印度市場,"['國際', '銷售', '團隊', '關注', '洗牌', '加深', '印度']"
蘋果獲螢幕下指紋辨識新專利，可測血氧、脈搏、手指靜脈紋,"['螢幕下', '指紋', '辨識', '專利', '可測', '血氧', '脈搏', '靜脈', '手指']"
蘋果競逐三星，合作數十年「又愛又恨」？,"['競逐', '愛又恨', '十年', '合作']"
被 FDIC 接管前幾個小時，矽谷銀行員工收到 2022 年終獎金,"['FDIC', '幾個', '小時', '銀行員工', '終獎', '接管', '收到']"
被SEC威脅？Coinbase：Base網路可能監管交易、落實反洗錢措施,"['SEC', '威脅', 'Coinbase', 'Base', '網路', '落實', '反洗', '措施', '交易']"
裁太多人導致系統崩潰？Instagram 全球大當機,"['裁太多', '人導致', '系統', '崩潰', 'Instagram', '大當機']"
複製基因、訂製選美駱駝，是杜拜富豪的日常娛樂,"['杜拜', '娛樂', '基因', '富豪', '日常']"
觀點：區塊鏈資本市場倒退十年，未來加密行業沒有傳統銀行可使用,"['觀點', '區塊鏈', '未來', '行業', '沒有', '傳統', '加密', '本市', '倒退', '十年', '使用']"
觀點｜USDC 會進入死亡螺旋嗎？,"['觀點', 'USDC', '進入', '螺旋', '死亡']"
記憶體價格上不來，三星美國半導體子公司悄悄裁員 3%,"['記憶體', '價格', '不來', '半導體', '裁員', '3%', '悄悄', '子公司']"
記憶體賣不掉，三星 2022 年半導體庫存激增 77%,"['記憶體', '半導體', '庫存', '77%', '激增']"
調研公布全球 10 大智慧手機榜單，蘋果就吃掉 8 名,"['調研', '手機', '榜單', '吃掉', '智慧']"
論文被撤團隊捲土重來，再提出新型室溫超導材料,"['論文', '撤團隊', '重來', '室溫', '超導', '新型', '材料', '提出']"
財政部、Fed和FDIC聯合聲明全文》向銀行提供額外資金，保護美國經濟,"['財政部', 'Fed', 'FDIC', '聯合', '聲明', '額外', '資金', '保護', '經濟', '全文', '提供']"
貨櫃運價指數跌不停、散裝指數大反彈，塞港成過去式，「需求」變關鍵字　,"['指數', '貨櫃', '運價', '散裝', '反彈', '塞港', '成過', '變關鍵', '不停']"
資安日益重要，DEVCORE：已有 2%~3% 上市櫃公司採購紅隊演練,"['資安', 'DEVCORE', '2%', '3%', '採購', '紅隊', '演練', '日益', '已有', '上市', '公司']"
走路也能走成高強度訓練，燃脂又降罹癌風險！不用走萬步，通勤也適用,"['通勤', '成高', '強度', '訓練', '罹癌', '走萬步', '適用', '走路', '不用']"
越危險的地方越安全？發現新恆星在銀河中心黑洞周圍誕生,"['危險', '發現', '新恆星', '銀河', '周圍', '誕生', '黑洞', '安全', '中心', '地方']"
跳出橫幅廣告干擾觀看，YouTube 4 月起停止放送重疊廣告,"['廣告', '放送', '橫幅', '干擾', '觀看', 'YouTube', '重疊', '跳出', '停止']"
迪士尼策略轉彎，可能砍漫威續集、與第三方合作,"['轉彎', '漫威續', '第三方', '迪士尼', '策略', '合作']"
通用汽車正開發虛擬個人助理，計畫汽車結合 ChatGPT,"['汽車', '正開', '發虛擬', '結合', 'ChatGPT', '助理', '通用']"
通用汽車發表新世代自駕軟體 Ultra Cruise，多重感測器並列,"['汽車', '發表新', '自駕', '軟體', 'Ultra', 'Cruise', '感測器', '並列', '世代', '多重', '通用']"
通膨降溫不順，美專家示警經濟恐難逃衰退,"['通膨降', '溫不順', '美專家', '經濟', '恐難', '示警', '衰退']"
遭點名沒撤俄，微星：不予評論,"['微星', '遭點', '評論', '不予']"
醫療大數據當道！阿斯特捷利康導入全球電子病歷系統到台灣,"['捷利', '阿斯特', '醫療', '大數據', '當道', '康導入', '電子', '歷系', '統到']"
重建中的EOS，「初代以太坊殺手」將重回江湖？,"['EOS', '初代', '殺手', '以太', '重回', '江湖', '重建']"
重演雷曼時刻？矽谷銀行破產引發美國銀行業最大危機隱憂,"['時刻', '破產引', '發美國', '隱憂', '重演', '雷曼']"
重磅！Circle揭露：矽谷銀行有33億美元存款；USDC總儲備435億僅111億為現金,"['Circle', '33', 'USDC', '總儲備', '435', '億僅', '億為', '重磅', '揭露']"
金融時報：蘋果、鴻海推動印度鬆綁法規，擴產計畫將受惠,"['時報', '鴻海', '推動', '擴產計', '畫將', '受惠', '印度', '金融']"
鏈上分析：幣安被爆「挪用18億USDC」是清白的？,"['鏈上', '幣安', '18', 'USDC', '挪用', '清白']"
防技術外流，日本將「半導體」列為外資出資管制對象,"['防技術', '半導體', '列為', '外資', '出資', '對象', '外流', '管制']"
陳吉仲：禽流感已控制，估雞蛋缺口 5、6 月補足,"['吉仲', '估雞蛋', '補足', '禽流感', '缺口']"
陽明海運去年每股賺 51.71 元，擬配息 20 元,"['陽明', '海運', '51.71', '擬配息', '20']"
雲端軟體大廠甲骨文 Q3 營收遜預期，盤後跌逾 3%,"['雲端', '軟體', '大廠', 'Q3', '營收遜', '預期', '盤後跌', '3%', '甲骨文']"
電動車及再生能源產業積極導入，2023 年 SiC 功率元件市場產值估將突破 22 億美元,"['電動車', '產業積', '極導入', 'SiC', '產值', '估將', '22', '再生能源', '元件', '功率', '突破']"
非投資建議》迷因幣會是2023年的最佳標的嗎？,"['建議', '因幣會', '最佳']"
面板景氣回升！面板雙虎公布 2 月營收，群創大尺寸出貨量月增 28%,"['面板', '景氣', '雙虎', '群創', '出貨量', '28%', '尺寸', '回升']"
首款動態島 Android 手機來了，realme C55 印尼推出,"['動態島', 'Android', '手機', 'realme', 'C55', '首款', '印尼', '推出']"
香港 Web3 新政實地考察後，為什麼我卻沒那麼樂觀？,"['Web3', '實地', '什麼', '那麼', '樂觀', '新政', '考察', '香港']"
馬斯克是先知！愛迪達Web3負責人：他挺「比特幣支付」啟發了adidas老人高層,"['愛迪達', 'Web3', '負責人', '比特幣', '啟發', 'adidas', '高層', '斯克', '先知', '老人', '支付']"
馬斯克有興趣收購 SVB？特斯拉投資人捏把冷汗,"['捏把冷汗', '斯克有', '興趣', '收購', 'SVB', '投資人', '特斯拉']"
駭客竊取 160GB 資料高價出售，宏碁證實資料外洩（更新）,"['資料', '駭客', '竊取', '160GB', '高價', '宏碁', '證實', '外洩', '更新', '出售']"
高手都「出籠」了！科技業大裁員，反成其他產業的福音？,"['出籠', '業大裁員', '福音', '高手', '科技', '其他']"
高端與南韓 GC Pharma 合作！四價流感疫苗獲得衛福部核准,"['南韓', 'GC', 'Pharma', '四價', '獲得', '衛福部', '核准', '高端', '合作']"
高通發表 Auto 5G Modem-RF Gen 2，大幅改善處理能力,"['發表', 'Auto', '5G', 'Modem', 'RF', 'Gen', '處理', '高通', '改善', '大幅', '能力']"
鴻海 2 家子公司增資 18 億元，擴大越南布局,"['鴻海', '增資', '18', '億元', '擴大', '越南', '子公司', '布局']"
鴻海攜開發資本成立開鴻能源，首創跨界綠能投資平台布局綠能,"['綠能', '鴻海', '攜開', '發資本', '開鴻', '首創', '跨界', '布局', '平台', '能源', '成立']"
鴻海：美威州廠投資逾 10 億美元，擴大使用太陽能,"['鴻海', '美威州廠', '擴大', '太陽能', '使用']"
麗豐-KY 2022?年每股賺 8.68 元！配發現金股利 7 元、殖利率 3.17％,"['麗豐', 'KY', '8.68', '3.17', '利率']"
黑白條紋形成溫差，斑馬成為另類發電新靈感,"['條紋', '溫差', '斑馬成', '另類', '發電新', '靈感', '黑白', '形成']"
點名防三星挖角台積電，陸行之：比照美國設許可執照規定,"['點名防', '陸行', '設許', '執照', '規定', '挖角', '比照']"
鼻錐會轉彎，美軍開發「變種人」空對空飛彈,"['鼻錐會', '轉彎', '美軍開發', '變種', '空對', '空飛彈']"
龍德造船掛牌首日飆漲 190%！法人：在手訂單龐大喊買目標價 94 元,"['龍德', '掛牌', '飆漲', '190%', '訂單', '買目', '標價', '94', '大喊', '在手', '法人', '造船']"
